{"player":"teste-3","client":"Teste Misto","audios":[{"audioid":"68","name":"Padrada","artist":"Romulo Fróes","band":"","album":"2a. Sessão: Saiba Ficar Quieto","mood_velocity":"50","mood_happy":"50","path":"./uploads/audios/1422237052_941325970.ogg","playlist":"playlist-misto","type":"normal","date_start":"2014-12-31","date_end":"2200-12-31","hour_start":"0","hour_end":"24","weekdays":"1011101","min_interval":"0"},{"audioid":"67","name":"Se eu for","artist":"Romulo Fróes","band":"","album":"2a. Sessão: Saiba Ficar Quieto","mood_velocity":"50","mood_happy":"50","path":"./uploads/audios/1422221383_1755944650.ogg","playlist":"playlist-misto","type":"normal","date_start":"2014-12-31","date_end":"2200-12-31","hour_start":"0","hour_end":"24","weekdays":"1011101","min_interval":"0"}],"token":602759973}